solver,customers,runs,avg_time_sec,min_time_sec,max_time_sec
ClarkeWright,5,300,0.0008028011617716402,0.0002843730035237968,0.0029889910365454853
ClarkeWright,10,297,0.001528014428717608,0.00045607000356540084,0.006732666050083935
ClarkeWright,15,293,0.0020650503086164567,0.0005888880114071071,0.007532451010774821
ClarkeWright,50,84,0.0049414766316268855,0.0031080509652383626,0.007568597968202084
ClarkeWright,100,7,0.007683761575857976,0.007478733023162931,0.007984301017131656
