solver,customers,runs,avg_time_sec,min_time_sec,max_time_sec
ALNS,5,300,0.04963135194537851,0.028821593965403736,0.0700226979679428
ClarkeWright,5,300,0.000518199197249487,0.00031303998548537493,0.002365687978453934
ALNS,10,13,0.08589753714981131,0.06941381801152602,0.09585034701740369
ClarkeWright,10,300,0.0010843434642689924,0.0004731589579023421,0.0065363270114175975
ClarkeWright,15,300,0.001316062572101752,0.0005794839817099273,0.005451784993056208
ClarkeWright,50,299,0.012861895942819121,0.0028844380285590887,0.0857161579770036
ClarkeWright,100,294,0.020112754886361713,0.007342869997955859,0.09212953899987042
